Nome,Idade
Adriana Drumond,20
Adriana Nunes,29
Adriana Oliveira,34
Adriana Rocha,24
Adriana Silva,49
Agatha Castro,47
Agatha Cunha,26
Agatha Luz,32
Alana Aragao,28
Alana Araujo,35
Alana Cunha,47
Alana Jesus,26
Alana Martins,24
Alessandra Moraes,34
Alessandra Nunes,34
Alessandra Real,21
Alexandre Martins,22
Alexandre Ribeiro,23
Alexandre Silva,29
Alice Mata,33
Alicia Assuncao,18
Alicia Figueiredo,24
Alicia Sales,18
Aline Fernandes,22
Aline Neves,28
Aline Pinto,22
Allana Peixoto,33
Allana Pires,29
Amanda Assuncao,47
Amanda Brito,18
Amanda Costa,20
Amanda Farias,43
Amanda Fogaca,28
Amanda Paz,23
Ana Castro,25
Ana Cunha,39
Ana Freitas,47
Ana Rezende,33
Analu Nunes,43
Anderson Castro,18
Anderson Costa,18
Anderson Costa,33
Anderson Teixeira,20
Andre Fernandes,43
Andrea Almeida,48
Andrea Dias,48
Andrea Drumond,47
Andrea Lima,18
Andrea Rocha,18
Andrea Silva,42
Andreia Almada,20
Andreia Almeida,42
Andreia Cardoso,18
Andreia Mata,29
Andreia Ramos,26
Andreia Silveira,47
Anthony Aparicio,44
Anthony Souza,35
Antonella Lopes,34
Antonella Martins,21
Antonella Mata,34
Antonella Rezende,20
Antonia Neves,18
Antonia Ribeiro,24
Antonio Ferreira,48
Antonio Lima,21
Antonio Moura,33
Antonio Rocha,18
Aparecida Drumond,42
Arthur Costa,32
Arthur Peixoto,32
Augusto Duarte,29
Augusto Fernandes,24
Augusto Martins,43
Augusto Melo,22
Augusto Santos,21
Augusto Santos,34
Augusto Silveira,43
Aurora Aparicio,47
Aurora Cunha,34
Aurora Fogaca,47
Aurora Luz,42
Ayla Melo,44
Ayla Paula,32
Ayla Pereira,22
Ayla Rodrigues,24
Ayla Rosa,32
Ayla Teixeira,28
Barbara Almada,47
Barbara Cavalcanti,24
Barbara Peixoto,28
Barbara Ribeiro,28
Barbara Souza,21
Beatriz Farias,21
Beatriz Novaes,24
Beatriz Santos,22
Beatriz Viana,42
Benedita Castro,33
Benedita Nunes,18
Benedita Real,33
Benedita Sales,42
Benedita Santos,18
Benedita Teixeira,32
Benedito Assuncao,18
Benedito Mata,39
Benicio Melo,26
Benicio Rocha,32
Benicio Vieira,21
Benjamin Rosa,24
Bento Jesus,43
Bento Martins,48
Bento Mendes,22
Bento Porto,26
Bento Silva,29
Bernardo Aparicio,26
Bernardo Cruz,33
Bernardo Dias,20
Bernardo Fernandes,42
Bernardo Gomes,49
Bernardo Silva,34
Betina Melo,18
Betina Peixoto,42
Betina Rocha,21
Bianca Rocha,42
Brenda Caldeira,32
Brenda Ribeiro,47
Breno Almada,22
Breno Barros,47
Breno Costa,34
Breno Galvao,34
Breno Moraes,32
Breno Pereira,47
Bruna Alves,47
Bruna Campos,34
Bruna Farias,24
Bruna Martins,21
Bruna Moura,18
Bruna Pinto,47
Bruna Rocha,23
Bruno Almada,43
Bruno Assis,18
Bryan Cruz,21
Bryan Galvao,20
Bryan Monteiro,33
Bryan Rezende,26
Bryan Rocha,33
Bryan Silva,26
Bryan Silva,18
Caio Barros,47
Caio Cardoso,39
Caio Novaes,32
Caio Rosa,21
Caio Silva,21
Caleb Bernardes,18
Caleb Farias,48
Caleb Ferreira,39
Caleb Freitas,47
Caleb Lima,20
Caleb Lima,42
Caleb Martins,18
Caleb Neves,22
Caleb Rocha,24
Caleb Rodrigues,34
Caleb Silva,33
Calebe Oliveira,20
Calebe Paz,47
Calebe Rocha,28
Calebe Rocha,32
Calebe Vieira,20
Camila Barros,47
Camila Figueiredo,32
Camila Moreira,20
Camila Novaes,20
Carla Alves,33
Carla Cavalcanti,32
Carla Jesus,32
Carla Nascimento,33
Carla Rodrigues,32
Carlos Alves,33
Carlos Aparicio,47
Carlos Aparicio,39
Carlos Aragao,44
Carlos Barros,44
Carlos Fernandes,18
Carlos Gomes,26
Carlos Jesus,34
Carlos Lima,21
Carlos Moreira,28
Carlos Mota,26
Carlos Nogueira,22
Carlos Novaes,20
Carlos Rezende,22
Carolina Aragao,20
Carolina Baptista,34
Carolina Barbosa,22
Carolina Moreira,21
Carolina Pinto,33
Carolina Pires,32
Carolina Pires,32
Carolina Real,34
Carolina Rocha,21
Carolina Rosa,21
Carolina Souza,32
Caroline Ribeiro,47
Caroline Silva,32
Catarina Dias,22
Catarina Pires,34
Caua Aragao,32
Caua Castro,32
Caua Cruz,18
Caua Cruz,21
Caua Lima,32
Caua Monteiro,39
Caua Moraes,18
Caua Moura,42
Caua Oliveira,18
Caue Bernardes,33
Caue Cavalcanti,33
Caue Fernandes,23
Caue Moura,18
Cecilia Costa,42
Cecilia Gomes,44
Cecilia Souza,20
Cesar Campos,42
Clara Campos,18
Clara Costa,34
Clara Nascimento,22
Clarice Araujo,39
Clarice Bernardes,35
Clarice Brito,18
Clarice Costa,47
Clarice Ribeiro,18
Clarice Sales,23
Claudia Almeida,32
Claudia Gomes,22
Claudio Duarte,32
Claudio Rezende,23
Cristiane Alves,34
Cristiane Campos,22
Daiane Cardoso,39
Daiane Duarte,42
Daiane Nogueira,47
Daiane Pereira,48
Daniel Alves,47
Daniel Carvalho,42
Daniel Moura,32
Daniel Ramos,28
Daniela Barbosa,47
Daniela Lopes,28
Daniela Moreira,26
Danilo Costa,44
Danilo Duarte,32
Danilo Oliveira,29
Davi Barros,33
Davi Cunha,24
Davi Fogaca,20
Davi Moreira,42
Davi Sales,33
Debora Goncalves,20
Debora Melo,47
Debora Santos,18
Debora Silva,47
Diego Cavalcanti,26
Diego Freitas,47
Diego Moreira,44
Diego Nunes,47
Diego Ribeiro,33
Diogo Duarte,18
Diogo Gomes,18
Diogo Gomes,35
Diogo Jesus,32
Edson Brito,28
Edson Ribeiro,47
Edson Santos,34
Eduarda Almada,18
Eduarda Oliveira,43
Eduarda Silva,24
Eduardo Barbosa,49
Eduardo Bernardes,47
Eduardo Costa,44
Eduardo Figueiredo,43
Eduardo Rodrigues,32
Elaine Assis,28
Elaine Ramos,34
Elaine Rocha,22
Elaine Vieira,33
Eliane Aragao,35
Eliane Galvao,21
Eliane Jesus,33
Elias Figueiredo,18
Elias Freitas,32
Elias Jesus,33
Elias Oliveira,20
Elisa Duarte,32
Elisa Mendes,20
Eloa Assis,47
Eloa Brito,33
Eloa Cardoso,23
Eloa Nunes,32
Eloa Sales,39
Emanuel Alves,32
Emanuel Luz,39
Emanuel Paula,47
Emanuel Vieira,43
Emanuelly Assis,34
Emanuelly Cardoso,18
Emanuelly Costa,22
Emanuelly Melo,44
Emily Almada,49
Emily Lima,23
Emily Moraes,47
Emily Moura,47
Emily Oliveira,32
Enrico Assuncao,43
Enrico Ferreira,34
Enrico Nascimento,32
Enrico Sales,29
Enzo Barros,32
Enzo Barros,28
Enzo Jesus,28
Enzo Lima,34
Enzo Paula,22
Erick Almeida,22
Erick Cardoso,33
Erick Galvao,39
Erick Ramos,32
Erick Silva,32
Ester Cruz,32
Ester Dias,18
Ester Figueiredo,47
Ester Figueiredo,47
Esther Barbosa,34
Esther Fogaca,48
Esther Moraes,49
Esther Mota,48
Esther Novaes,34
Esther Santos,23
Fabiana Neves,20
Fabiana Rocha,34
Fabio Assuncao,47
Fabio Carvalho,39
Fabio Drumond,22
Fatima Martins,32
Fatima Silveira,32
Felipe Lima,42
Felipe Monteiro,33
Felipe Rocha,32
Fernanda Costa,33
Fernanda Paz,42
Fernanda Rezende,33
Fernando Almada,32
Fernando Bernardes,42
Fernando Duarte,20
Fernando Melo,33
Fernando Moreira,32
Fernando Novaes,28
Filipe Aragao,32
Filipe Brito,35
Filipe Figueiredo,47
Flavia Alves,48
Flavia Cardoso,47
Flavia Costa,44
Francisca Conceicao,32
Francisca Cunha,33
Francisca Viana,32
Gabriel Lopes,22
Gabriel Luz,22
Gabriel Mendes,32
Gabriel Pereira,44
Gabriel Viana,22
Gabriela Cunha,23
Gabriela Ferreira,20
Gabrielly Araujo,22
Gabrielly Baptista,18
Gabrielly Figueiredo,32
Gabrielly Melo,23
Gabrielly Silva,47
Gael Carvalho,49
Gael Freitas,42
Gael Jesus,32
Gael Martins,43
Gael Rodrigues,47
Geraldo Bernardes,32
Geraldo Gomes,39
Geraldo Moreira,43
Geraldo Mota,26
Geraldo Ribeiro,34
Geraldo Silveira,32
Giovana Almeida,47
Giovana Cavalcanti,20
Giovana Jesus,20
Giovana Oliveira,24
Giovanna Baptista,39
Giovanna Costa,26
Giovanna Dias,48
Giovanna Figueiredo,44
Giovanna Luz,43
Giovanna Santos,20
Giovanna Teixeira,18
Giovanni Cunha,32
Giovanni Rocha,22
Giovanni Rodrigues,35
Guilherme Almeida,47
Guilherme Assuncao,18
Guilherme Cardoso,20
Guilherme Gomes,33
Guilherme Goncalves,20
Guilherme Monteiro,35
Guilherme Oliveira,22
Guilherme Santos,47
Gustavo Carvalho,47
Gustavo Costa,29
Gustavo Oliveira,44
Gustavo Paz,33
Hadassa Moraes,44
Hadassa Nascimento,20
Hadassa Nunes,26
Heitor Lopes,43
Heitor Melo,34
Heitor Nogueira,47
Heitor Ramos,21
Helena Assis,47
Helena Caldeira,48
Helena Jesus,47
Helena Pires,23
Helena Ribeiro,18
Helena Vieira,47
Heloisa Jesus,28
Heloisa Luz,42
Heloisa Mendes,18
Heloisa Porto,24
Heloisa Sales,20
Heloise Luz,24
Heloise Moraes,18
Heloise Real,33
Heloise Rezende,35
Henrique Araujo,22
Henrique Baptista,29
Henrique Mota,18
Henrique Paz,34
Henrique Pinto,20
Henrique Rezende,18
Hugo Alves,48
Hugo Fogaca,44
Hugo Galvao,32
Hugo Pinto,22
Hugo Pires,20
Hugo Rezende,18
Iago Cavalcanti,34
Iago Lima,21
Iago Luz,20
Iago Pereira,33
Iago Pinto,22
Iago Pires,18
Ian Duarte,20
Ian Pinto,22
Ian Teixeira,18
Igor Alves,22
Igor Assuncao,22
Igor Campos,21
Igor Castro,21
Igor Costa,35
Igor Dias,39
Igor Galvao,48
Isaac Cruz,20
Isaac Real,28
Isabel Drumond,28
Isabel Mendes,35
Isabela Figueiredo,20
Isabella Barbosa,20
Isabella Pinto,44
Isabella Real,18
Isabella Real,43
Isabella Rosa,32
Isabelle Aparicio,21
Isabelle Costa,47
Isabelle Gomes,23
Isadora Rocha,29
Jaqueline Mata,32
Jaqueline Vieira,39
Jennifer Assuncao,44
Jennifer Carvalho,34
Jennifer Ramos,42
Jessica Aparicio,47
Jessica Campos,35
Jessica Rosa,26
Joao Barbosa,29
Joaquim Galvao,32
Joaquim Rocha,21
Joaquim Santos,26
Jorge Alves,18
Jorge Campos,29
Jorge Conceicao,20
Jorge Ferreira,48
Jorge Galvao,35
Jorge Paula,24
Jorge Pereira,47
Jose Assuncao,20
Jose Baptista,42
Jose Drumond,32
Jose Gomes,42
Jose Luz,47
Jose Paula,47
Jose Rodrigues,33
Jose Silva,32
Josefa Cavalcanti,48
Josefa Santos,18
Juan Drumond,21
Juan Moreira,21
Juan Porto,29
Juan Rodrigues,32
Juan Silva,18
Julia Aragao,39
Julia Assuncao,47
Julia Bernardes,29
Julia Caldeira,33
Julia Castro,33
Julia Costa,47
Julia Ferreira,35
Juliana Araujo,47
Juliana Castro,18
Juliana Conceicao,43
Juliana Fernandes,47
Juliana Nogueira,47
Kaique Costa,28
Kaique Rocha,18
Kaique Silva,32
Kamilly Caldeira,48
Kamilly Costa,18
Kamilly Cunha,32
Kamilly Cunha,44
Kamilly Pires,21
Kaue Barbosa,32
Kaue Castro,43
Kaue Galvao,47
Kaue Rocha,34
Kevin Almeida,47
Kevin Baptista,47
Kevin Brito,34
Kevin Costa,42
Kevin Luz,32
Kevin Sales,32
Kevin Teixeira,21
Lais Barros,33
Lais Farias,18
Lais Monteiro,20
Lais Peixoto,32
Lais Rocha,18
Lara Bernardes,34
Lara Paula,26
Lara Ramos,32
Larissa Campos,34
Larissa Cunha,48
Larissa Pires,39
Larissa Vieira,18
Laura Peixoto,48
Lavinia Araujo,20
Lavinia Nunes,42
Leandro Dias,22
Leandro Rodrigues,47
Leandro Teixeira,47
Leonardo Araujo,32
Leonardo Viana,43
Leticia Caldeira,34
Leticia Cunha,22
Leticia Monteiro,32
Leticia Monteiro,42
Levi Araujo,32
Levi Costa,43
Levi Fernandes,34
Levi Jesus,42
Levi Neves,42
Livia Almada,44
Liz Aparicio,47
Liz Goncalves,23
Liz Neves,18
Liz Porto,33
Lorena Duarte,32
Lorena Mendes,34
Lorena Neves,42
Lorena Vieira,21
Lorenzo Baptista,44
Lorenzo Cunha,29
Lorenzo Viana,44
Louise Aragao,35
Louise Assuncao,20
Louise Assuncao,43
Louise Brito,23
Louise Moura,47
Louise Pires,35
Louise Rosa,32
Luan Assuncao,47
Luan Cardoso,34
Luan Jesus,18
Luan Paula,33
Luana Cavalcanti,18
Luana Conceicao,35
Luana Nunes,20
Luana Ramos,20
Lucas Farias,39
Lucas Farias,29
Lucas Novaes,32
Lucas Sales,32
Lucca Moraes,22
Lucca Moreira,39
Lucca Mota,21
Lucca Paula,47
Lucca Rezende,42
Lucia Dias,39
Lucia Oliveira,24
Luciana Brito,22
Luciana Ramos,21
Luis Almeida,32
Luis Dias,43
Luis Martins,20
Luis Rocha,33
Luis Rosa,23
Luis Silva,23
Luis Teixeira,21
Luiz Baptista,23
Luiz Brito,35
Luiz Fernandes,22
Luiz Novaes,28
Luiz Santos,32
Luna Bernardes,42
Luna Goncalves,26
Luna Paula,21
Luna Silveira,47
Luna Vieira,32
Luzia Cavalcanti,32
Luzia Cavalcanti,48
Luzia Duarte,43
Luzia Gomes,47
Maite Novaes,33
Maite Ribeiro,26
Maite Viana,22
Malu Assis,39
Malu Barbosa,35
Malu Peixoto,44
Malu Santos,43
Malu Silveira,47
Manoel Barros,22
Manoel Cavalcanti,47
Manoel Cruz,43
Manoel Galvao,34
Manoel Ramos,28
Manoel Rosa,34
Manuel Baptista,47
Manuel Fogaca,32
Manuel Lopes,44
Manuela Castro,21
Manuela Costa,22
Manuela Duarte,42
Manuela Luz,23
Manuela Paz,21
Marcela Campos,18
Marcela Drumond,47
Marcelo Freitas,18
Marcelo Pinto,47
Marcia Cruz,23
Marcia Farias,32
Marcia Freitas,42
Marcio Araujo,29
Marcio Fernandes,24
Marcio Nogueira,49
Marcio Rosa,33
Marcio Silveira,20
Marcos Farias,20
Marcos Lopes,42
Marcos Pereira,35
Marcos Pereira,18
Maria Costa,21
Maria Martins,18
Maria Martins,21
Maria Moraes,18
Maria Pereira,18
Maria Pinto,34
Mariah Almada,24
Mariah Baptista,33
Mariah Jesus,34
Mariah Paz,34
Mariah Pires,32
Mariah Santos,22
Mariah Souza,33
Mariana Moraes,32
Mariana Nogueira,33
Mariana Novaes,32
Mariane Fogaca,28
Mario Brito,21
Mario Caldeira,47
Mario Duarte,42
Mario Lopes,22
Mario Melo,48
Mario Nunes,47
Mario Silva,44
Mario Viana,20
Marlene Moreira,29
Marlene Silva,32
Marli Aragao,47
Marli Barbosa,18
Marli Castro,28
Marli Figueiredo,34
Marli Fogaca,22
Marli Moreira,47
Marli Paz,34
Martin Barbosa,18
Martin Goncalves,21
Mateus Brito,28
Mateus Cardoso,47
Mateus Real,21
Matheus Mata,22
Matheus Melo,18
Matheus Rezende,43
Melissa Melo,21
Melissa Moura,18
Miguel Campos,35
Miguel Conceicao,23
Milena Nogueira,32
Milena Rodrigues,42
Mirella Almada,47
Mirella Almeida,26
Mirella Cardoso,22
Mirella Carvalho,47
Mirella Jesus,32
Mirella Mendes,49
Mirella Neves,47
Murilo Cunha,42
Murilo Drumond,21
Murilo Fogaca,29
Murilo Nogueira,47
Murilo Rezende,48
Murilo Rodrigues,18
Murilo Silveira,24
Murilo Teixeira,18
Nair Teixeira,48
Natalia Conceicao,18
Natalia Costa,32
Natalia Moraes,32
Natalia Real,28
Nathan Aragao,32
Nathan Fogaca,47
Nathan Freitas,21
Nathan Mota,23
Nelson Barbosa,47
Nelson Pereira,48
Nelson Rosa,21
Nicolas Baptista,21
Nicolas Cunha,32
Nicolas Mendes,34
Nicole Carvalho,48
Nicole Cavalcanti,33
Nicole Lima,44
Nicole Luz,32
Nicole Melo,33
Nicole Moura,42
Nicole Peixoto,33
Nicole Real,32
Nina Peixoto,32
Nina Rodrigues,39
Noah Peixoto,47
Noah Rodrigues,47
Oliver Barbosa,18
Oliver Costa,33
Olivia Farias,21
Olivia Monteiro,47
Olivia Moraes,39
Olivia Mota,22
Olivia Porto,22
Olivia Ribeiro,21
Olivia Souza,47
Osvaldo Figueiredo,32
Otavio Caldeira,47
Otavio Cardoso,47
Otavio Luz,47
Otavio Rocha,21
Otavio Silveira,42
Otavio Teixeira,32
Patricia Baptista,18
Patricia Brito,32
Paulo Duarte,23
Paulo Oliveira,32
Paulo Pires,47
Paulo Santos,21
Pedro Almada,18
Pedro Cruz,32
Pedro Freitas,47
Pedro Monteiro,42
Pedro Neves,18
Pedro Nogueira,35
Pedro Pires,47
Pedro Rezende,28
Pedro Sales,33
Pietra Viana,28
Pietro Costa,35
Pietro Farias,47
Pietro Gomes,18
Pietro Nascimento,44
Pietro Silveira,34
Priscila Barbosa,47
Priscila Mata,34
Priscila Paula,29
Rafael Cardoso,47
Rafael Fogaca,29
Rafael Pires,23
Rafaela Rocha,35
Raimunda Farias,39
Raimunda Monteiro,32
Raimunda Mota,34
Raimundo Alves,20
Raimundo Barros,21
Raimundo Fernandes,48
Raimundo Jesus,32
Raimundo Mendes,23
Raimundo Monteiro,26
Raimundo Novaes,32
Raquel Real,18
Raul Silva,18
Raul Viana,47
Rayssa Galvao,42
Rayssa Pinto,32
Rayssa Porto,20
Regina Costa,32
Regina Duarte,21
Regina Mota,33
Regina Peixoto,47
Reinier Monteiro,25
Renan Mata,34
Renata Drumond,42
Renata Farias,48
Renata Galvao,23
Renato Aragao,22
Renato Assis,47
Renato Conceicao,18
Renato Nunes,33
Renato Ribeiro,33
Renato Sales,26
Ricardo Ramos,32
Rita Brito,32
Rita Conceicao,42
Rita Fernandes,21
Rita Mota,35
Rita Paula,42
Roberto Alves,42
Roberto Rodrigues,47
Roberto Silva,22
Rodrigo Carvalho,20
Rodrigo Mata,22
Rodrigo Moura,34
Rodrigo Nogueira,33
Rodrigo Rezende,21
Rosa Fogaca,42
Rosa Lima,22
Rosangela Assis,18
Rosangela Carvalho,39
Ruan Baptista,32
Ruan Figueiredo,29
Ruan Rocha,22
Ryan Rezende,34
Ryan Santos,32
Ryan Teixeira,21
Sabrina Moura,28
Sabrina Nascimento,39
Sabrina Souza,18
Samuel Almeida,26
Samuel Cardoso,18
Samuel Figueiredo,35
Samuel Pereira,18
Sandra Galvao,32
Sandra Moura,20
Sara Almeida,42
Sara Neves,34
Sara Paz,34
Sara Santos,35
Sarah Silva,20
Sarah Silveira,39
Sebastiana Farias,32
Sebastiana Jesus,42
Sebastiana Mendes,42
Sebastiana Rezende,23
Sebastiao Cavalcanti,22
Sebastiao Costa,47
Sebastiao Goncalves,26
Sebastiao Lopes,21
Sebastiao Nogueira,26
Sebastiao Santos,47
Sergio Bernardes,26
Sergio Sales,35
Severino Mata,28
Severino Mendes,42
Severino Ramos,47
Silvana Baptista,24
Silvana Cavalcanti,33
Silvana Drumond,20
Silvana Nogueira,34
Silvana Silveira,18
Silvana Vieira,43
Simone Assuncao,22
Simone Conceicao,43
Simone Figueiredo,47
Sonia Fogaca,47
Sonia Luz,29
Sonia Monteiro,49
Sonia Real,24
Sonia Rocha,29
Sophia Bernardes,21
Sophia Caldeira,33
Sophia Mendes,34
Sophia Pinto,43
Sophia Pires,29
Sophia Vieira,20
Sophie Martins,43
Sophie Paula,47
Sophie Rosa,44
Sophie Silveira,42
Sophie Viana,44
Stefany Almeida,22
Stefany Porto,32
Stefany Silva,32
Stella Almada,24
Stella Baptista,48
Stella Campos,32
Stella Fernandes,20
Sueli Goncalves,34
Sueli Martins,42
Sueli Paz,42
Sueli Silveira,18
Tatiane Cavalcanti,18
Tatiane Lopes,21
Tatiane Novaes,39
Tatiane Silva,47
Teresinha Araujo,23
Teresinha Costa,48
Teresinha Dias,24
Teresinha Galvao,42
Teresinha Mendes,32
Teresinha Monteiro,33
Tereza Cavalcanti,21
Tereza Farias,18
Tereza Pinto,47
Tereza Rezende,21
Tereza Souza,34
Thales Farias,47
Thales Galvao,18
Thales Novaes,33
Theo Gomes,22
Theo Moreira,47
Thiago Assis,20
Thiago Galvao,32
Thiago Jesus,29
Thiago Moura,47
Thiago Silva,47
Thomas Almada,32
Thomas Costa,35
Thomas Cunha,47
Thomas Fogaca,26
Thomas Vieira,49
Tiago Araujo,24
Tiago Farias,24
Tomas Luz,20
Tomas Mendes,26
Tomas Nascimento,20
Tomas Pires,18
Valentina Almada,32
Valentina Melo,35
Vanessa Freitas,24
Vanessa Oliveira,20
Vanessa Sales,29
Vera Aragao,22
Vera Paula,29
Vera Silva,32
Vicente Campos,42
Vicente Nascimento,18
Victor Castro,24
Victor Porto,48
Vinicius Viana,28
Vitor Bernardes,32
Vitor Monteiro,24
Vitor Mota,39
Vitoria Dias,33
Vitoria Melo,26
Yago Conceicao,32
Yago Moura,47
Yago Ribeiro,32
Yago Rocha,44
Yago Rocha,47
Yago Sales,20
Yago Silva,47
Yasmin Aparicio,42
Yasmin Assis,44
Yasmin Bernardes,22
Yasmin Campos,29
Yasmin Costa,48
Yasmin Dias,21
Yasmin Drumond,42
Yasmin Novaes,42
Yuri Gomes,32
Yuri Lima,23
Yuri Santos,23
Yuri Santos,34
Yuri Santos,42
